id,x,y
,6.95269e-310,6.74241e-310
sada,0,2.122e-314
E,-6.91474,107.612
RE,100,100
B,-6.91385,107.61
D,-6.91564,107.61
C,-6.91296,107.612
A,-6.91474,107.608
